# CIE 1931 2 Grad Normbeobachter, 360-830 nm in 1-nm-Schritten.
# Quelle: CIE 015:2018 / CIE 018:2019, Datensatz wie in colour-science 0.4.6 (BSD-3) verteilt.
# nm,xbar,ybar,zbar
360,0.00012989999999999996,3.9169999999999999e-06,0.00060609999999999961
361,0.00014584699999999995,4.3935810000000062e-06,0.00068087920000000062
362,0.00016380209999999998,4.929604000000002e-06,0.00076514559999999972
363,0.00018400369999999999,5.5321360000000035e-06,0.00086001239999999976
364,0.00020669019999999987,6.2082450000000007e-06,0.00096659280000000077
365,0.00023209999999999992,6.9650000000000045e-06,0.0010859999999999997
366,0.00026072799999999968,7.8132190000000003e-06,0.0012205860000000009
367,0.0002930749999999999,8.767335999999995e-06,0.0013727289999999996
368,0.0003293879999999999,9.8398439999999972e-06,0.001543579
369,0.00036991399999999994,1.1043230000000005e-05,0.0017342860000000005
370,0.00041489999999999984,1.238999999999999e-05,0.0019459999999999996
371,0.00046415870000000018,1.3886409999999995e-05,0.0021777770000000018
372,0.00051898599999999971,1.5557279999999993e-05,0.0024358089999999997
373,0.00058185400000000003,1.7442960000000003e-05,0.0027319529999999966
374,0.00065523470000000055,1.9583750000000021e-05,0.003078064000000001
375,0.00074160000000000003,2.2019999999999999e-05,0.0034860000000000013
376,0.00084502959999999995,2.4839650000000016e-05,0.0039752269999999996
377,0.00096452679999999935,2.8041259999999982e-05,0.0045408799999999989
378,0.0010949490000000002,3.1531039999999996e-05,0.005158319999999994
379,0.0012311539999999988,3.5215210000000002e-05,0.0058029069999999969
380,0.0013679999999999996,3.8999999999999986e-05,0.0064500010000000064
381,0.0015020499999999991,4.2826400000000028e-05,0.0070832160000000016
382,0.0016423279999999985,4.6914600000000074e-05,0.0077454879999999992
383,0.0018023819999999997,5.1589599999999951e-05,0.0085011519999999979
384,0.0019957569999999999,5.7176400000000031e-05,0.009414544000000016
385,0.0022360000000000023,6.3999999999999862e-05,0.01054998999999999
386,0.0025353850000000028,7.2344209999999958e-05,0.011965800000000004
387,0.0028926030000000005,8.2212239999999859e-05,0.013655870000000004
388,0.003300829000000003,9.3508160000000079e-05,0.015588050000000008
389,0.0037532359999999979,0.00010613609999999997,0.017730150000000007
390,0.0042430000000000011,0.00011999999999999996,0.02005001
391,0.0047623890000000014,0.00013498400000000005,0.022511359999999994
392,0.0053300480000000082,0.00015149200000000003,0.025202880000000011
393,0.0059787119999999928,0.00017020800000000001,0.028279720000000026
394,0.0067411170000000039,0.00019181599999999971,0.031897040000000015
395,0.0076499999999999971,0.00021700000000000012,0.036210000000000048
396,0.0087513730000000015,0.00024690669999999988,0.041437709999999989
397,0.010028880000000011,0.00028124000000000031,0.047503720000000006
398,0.011421700000000002,0.00031851999999999987,0.054119880000000016
399,0.012869010000000011,0.00035726670000000053,0.060998029999999981
400,0.01431000000000001,0.00039600000000000019,0.067850009999999947
401,0.015704429999999988,0.00043371470000000048,0.07448632000000005
402,0.01714744,0.00047302399999999979,0.081361560000000027
403,0.018781220000000008,0.00051787600000000034,0.089153639999999978
404,0.020748009999999997,0.0005722186999999999,0.09854048
405,0.023190000000000054,0.00064000000000000005,0.11020000000000003
406,0.026207359999999978,0.00072455999999999942,0.12461329999999994
407,0.029782479999999993,0.00082549999999999909,0.14170169999999985
408,0.033880920000000037,0.00094115999999999991,0.1613035000000001
409,0.038468239999999994,0.0010698800000000003,0.18325679999999989
410,0.043510000000000007,0.0012100000000000012,0.20739999999999992
411,0.048995599999999986,0.001362091000000001,0.23369209999999982
412,0.055022599999999963,0.0015307519999999992,0.26261139999999999
413,0.061718799999999997,0.001720367999999999,0.29477459999999966
414,0.069211999999999899,0.0019353230000000007,0.3307985
415,0.077629999999999977,0.0021800000000000014,0.37129999999999969
416,0.086958110000000061,0.0024548000000000026,0.41620909999999994
417,0.097176720000000202,0.0027639999999999995,0.46546419999999983
418,0.10840630000000011,0.0031178,0.5196947999999999
419,0.12076719999999994,0.0035263999999999998,0.57953029999999994
420,0.13437999999999997,0.0039999999999999992,0.64560000000000051
421,0.14935819999999994,0.0045462399999999991,0.71848379999999978
422,0.1653957000000002,0.0051593199999999994,0.7967132999999994
423,0.18198310000000004,0.0058292799999999905,0.87784589999999918
424,0.19861100000000007,0.0065461599999999936,0.95943899999999993
425,0.21476999999999991,0.0072999999999999983,1.039050099999999
426,0.23018679999999994,0.0080865070000000067,1.1153673000000013
427,0.24487969999999998,0.0089087199999999915,1.1884971000000004
428,0.25877730000000004,0.0097676800000000077,1.2581232999999992
429,0.27180790000000027,0.010664429999999999,1.3239296000000005
430,0.28389999999999987,0.01160000000000001,1.3855999999999991
431,0.29494380000000031,0.012573169999999996,1.4426352000000009
432,0.30489650000000007,0.013582720000000013,1.4948035000000017
433,0.31378729999999971,0.014629680000000006,1.5421903000000003
434,0.32164539999999958,0.015715089999999994,1.5848806999999994
435,0.32849999999999974,0.016840000000000001,1.6229599999999993
436,0.33435130000000024,0.018007360000000007,1.6564047999999993
437,0.33921010000000046,0.01921448000000002,1.6852958999999998
438,0.3431212999999998,0.020453919999999987,1.7098744999999977
439,0.34612959999999954,0.021718239999999986,1.7303821000000008
440,0.34828000000000003,0.023000000000000007,1.7470600000000001
441,0.34959989999999985,0.024294610000000001,1.7600445999999983
442,0.35014740000000033,0.02561024000000002,1.7696233000000012
443,0.35001300000000002,0.026958569999999991,1.776263699999999
444,0.3492869999999999,0.028351250000000026,1.7804333999999986
445,0.34806000000000004,0.029800000000000007,1.7825999999999984
446,0.34637329999999955,0.031310829999999963,1.7829681999999998
447,0.3442623999999998,0.032883679999999978,1.7816998000000004
448,0.3418088000000003,0.034521119999999995,1.7791982000000002
449,0.33909410000000023,0.036225710000000001,1.7758670999999999
450,0.33619999999999955,0.037999999999999999,1.7721099999999994
451,0.3331976999999996,0.039846669999999987,1.7682588999999991
452,0.33004110000000053,0.04176800000000002,1.7640389999999984
453,0.32663570000000047,0.043765999999999985,1.7589437999999988
454,0.32288679999999986,0.045842670000000037,1.7524663000000014
455,0.31869999999999998,0.047999999999999994,1.7441000000000002
456,0.31402509999999972,0.050243680000000006,1.7335595000000017
457,0.3088840000000001,0.052573040000000008,1.7208580999999985
458,0.30329039999999968,0.054980559999999956,1.7059368999999995
459,0.29725789999999985,0.057458719999999998,1.6887371999999998
460,0.29080000000000045,0.060000000000000067,1.6692000000000002
461,0.28397009999999961,0.062601969999999979,1.647528700000001
462,0.27672139999999973,0.065277519999999992,1.6234127000000027
463,0.26891780000000004,0.068042080000000005,1.5960222999999982
464,0.26042269999999978,0.070911089999999982,1.5645280000000004
465,0.25109999999999993,0.073899999999999993,1.5280999999999989
466,0.24084750000000005,0.077016000000000029,1.4861114
467,0.22985119999999992,0.080266400000000085,1.439521499999999
468,0.21840719999999961,0.083666799999999944,1.3898798999999986
469,0.20681149999999984,0.08723279999999986,1.3387362000000009
470,0.19535999999999984,0.090980000000000047,1.2876400000000008
471,0.18421360000000001,0.094917549999999906,1.2374222999999998
472,0.1733273000000001,0.099045839999999899,1.1878243000000004
473,0.16268810000000011,0.1033673999999999,1.1387610999999982
474,0.15228329999999973,0.10788460000000012,1.0901480000000001
475,0.14210000000000009,0.11259999999999994,1.0418999999999994
476,0.1321785999999999,0.11753200000000003,0.99419760000000046
477,0.12256960000000015,0.12267439999999999,0.9473473
478,0.1132751999999999,0.12799279999999993,0.90145310000000012
479,0.10429789999999989,0.13345279999999987,0.85661929999999986
480,0.095640000000000031,0.13902000000000012,0.81295009999999968
481,0.087299549999999893,0.14467639999999982,0.77051729999999963
482,0.079308039999999996,0.15046929999999994,0.72944480000000023
483,0.071717760000000019,0.15646189999999999,0.68991360000000035
484,0.064580989999999991,0.16271769999999997,0.6521049000000001
485,0.057950009999999968,0.16929999999999981,0.61620000000000064
486,0.051862110000000017,0.17624310000000004,0.58232859999999997
487,0.046281519999999965,0.18355810000000022,0.55041620000000047
488,0.04115087999999998,0.19127350000000001,0.52033759999999984
489,0.036412829999999972,0.19941800000000012,0.49196730000000022
490,0.032010000000000011,0.20802000000000029,0.46517999999999948
491,0.027917199999999955,0.21711989999999998,0.43992459999999933
492,0.024144399999999948,0.22673450000000001,0.41618360000000026
493,0.02068699999999999,0.23685709999999996,0.39388220000000029
494,0.017540400000000036,0.24748119999999976,0.3729458999999995
495,0.014700000000000013,0.2586,0.3533
496,0.012161790000000023,0.27018489999999978,0.33485779999999971
497,0.0099199600000000054,0.28229389999999999,0.3175521
498,0.0079672399999999935,0.29505050000000044,0.30133750000000009
499,0.0062963460000000021,0.30857800000000046,0.28616860000000016
500,0.0048999999999999912,0.32300000000000018,0.27200000000000024
501,0.0037771729999999983,0.33840209999999965,0.2588170999999998
502,0.00294532,0.3546858000000005,0.24648379999999978
503,0.0024248799999999995,0.37169859999999982,0.23477180000000003
504,0.0022362930000000003,0.38928749999999984,0.22345329999999958
505,0.0023999999999999994,0.40729999999999961,0.21229999999999993
506,0.0029255199999999987,0.42562990000000006,0.20116919999999983
507,0.003836559999999998,0.44430960000000053,0.19011959999999989
508,0.0051748400000000043,0.4633944000000001,0.17922540000000017
509,0.0069820799999999981,0.4829395000000003,0.16856079999999982
510,0.0092999999999999923,0.50299999999999934,0.15819999999999984
511,0.012149489999999997,0.52356929999999924,0.14813830000000003
512,0.01553587999999999,0.54451200000000088,0.13837580000000013
513,0.019477520000000019,0.56569000000000058,0.12899419999999998
514,0.02399277000000001,0.58696529999999958,0.12007510000000016
515,0.029099999999999987,0.60819999999999963,0.11169999999999998
516,0.034814850000000029,0.62934559999999984,0.10390480000000003
517,0.041120160000000003,0.65030679999999863,0.096667479999999972
518,0.047985040000000014,0.67087520000000023,0.089982720000000058
519,0.055378609999999995,0.69084239999999997,0.083845310000000173
520,0.063270000000000007,0.71000000000000107,0.078249989999999991
521,0.071635010000000041,0.72818519999999898,0.073208990000000029
522,0.080462240000000074,0.74546359999999989,0.068678160000000002
523,0.089739960000000008,0.76196940000000069,0.064567839999999987
524,0.099456449999999919,0.77783679999999966,0.060788350000000012
525,0.10960000000000004,0.79319999999999957,0.057250010000000094
526,0.12016739999999983,0.80811040000000134,0.053904349999999976
527,0.13111449999999999,0.82249620000000068,0.050746640000000051
528,0.14236789999999994,0.83630679999999924,0.047752760000000068
529,0.15385419999999975,0.8494915999999999,0.044898590000000051
530,0.16549999999999998,0.86199999999999999,0.042159999999999982
531,0.17725710000000008,0.87381080000000044,0.039507279999999978
532,0.18914000000000003,0.88496239999999959,0.036935639999999985
533,0.2011694,0.895493600000001,0.034458359999999993
534,0.21336580000000002,0.905443200000001,0.032088720000000022
535,0.22574989999999995,0.9148501,0.029839999999999988
536,0.23832089999999978,0.92373480000000052,0.02771181000000001
537,0.25106680000000037,0.93209240000000115,0.025694440000000013
538,0.26399220000000012,0.93992259999999972,0.023787159999999995
539,0.27710169999999973,0.94722519999999999,0.021989249999999991
540,0.29040000000000016,0.95400000000000085,0.020299999999999971
541,0.30389120000000014,0.9602560999999995,0.018718050000000021
542,0.31757260000000004,0.96600739999999796,0.017240359999999979
543,0.3314383999999998,0.97126059999999936,0.015863640000000005
544,0.34548279999999948,0.97602250000000013,0.014584610000000012
545,0.35969999999999985,0.98030000000000006,0.013400000000000002
546,0.37408390000000008,0.9840924000000002,0.012307229999999997
547,0.38863960000000008,0.98741819999999947,0.011301879999999999
548,0.40337839999999964,0.9903128000000011,0.010377919999999994
549,0.41831149999999989,0.99281160000000124,0.0095293060000000013
550,0.43344989999999994,0.99495009999999984,0.0087499990000000066
551,0.44879530000000029,0.99671080000000067,0.0080352000000000097
552,0.46433599999999992,0.99809829999999833,0.0073816000000000029
553,0.4800640000000006,0.99911199999999967,0.0067854000000000022
554,0.4959713,0.99974819999999931,0.0062427999999999893
555,0.51205009999999973,1.0,0.0057499989999999961
556,0.52829589999999949,0.99985669999999893,0.0053036000000000073
557,0.54469159999999983,0.99930459999999977,0.004899800000000001
558,0.56120939999999953,0.99832550000000031,0.0045341999999999986
559,0.57782149999999866,0.99689869999999947,0.0042024000000000046
560,0.59450000000000025,0.99499999999999977,0.0039000000000000003
561,0.61122090000000007,0.99260050000000055,0.0036231999999999957
562,0.62797580000000086,0.98974259999999992,0.0033705999999999988
563,0.64476019999999956,0.98644440000000011,0.0031413999999999978
564,0.66156969999999993,0.98272409999999921,0.0029348000000000048
565,0.67839999999999989,0.97859999999999925,0.0027499990000000021
566,0.6952391999999985,0.97408370000000155,0.0025851999999999984
567,0.7120586000000001,0.96917120000000057,0.0024385999999999969
568,0.72882840000000038,0.96385680000000029,0.0023093999999999988
569,0.7455187999999997,0.95813489999999957,0.0021968000000000014
570,0.76210000000000055,0.95199999999999962,0.0021000000000000016
571,0.77854320000000077,0.94545040000000002,0.0020177329999999968
572,0.79482559999999958,0.93849919999999931,0.0019482000000000011
573,0.81092639999999971,0.93116280000000085,0.0018897999999999988
574,0.82682480000000025,0.92345759999999966,0.0018409330000000012
575,0.84250000000000069,0.91539999999999944,0.0018000000000000021
576,0.85793249999999999,0.9070064000000001,0.0017662670000000013
577,0.87308159999999979,0.898277199999999,0.0017377999999999983
578,0.88789439999999997,0.88920480000000057,0.0017112000000000019
579,0.90231809999999857,0.87978160000000061,0.0016830669999999992
580,0.91629999999999945,0.87000000000000099,0.0016500009999999988
581,0.92979950000000122,0.85986129999999938,0.0016101329999999988
582,0.94279839999999937,0.84939200000000104,0.0015644000000000005
583,0.9552775999999995,0.83862199999999987,0.0015135999999999999
584,0.96721790000000107,0.82758129999999896,0.0014585329999999997
585,0.97859999999999991,0.81629999999999958,0.0013999999999999996
586,0.98938560000000086,0.80479469999999964,0.0013366669999999997
587,0.99954880000000013,0.7930819999999994,0.0012699999999999996
588,1.0090891999999985,0.78119200000000089,0.001205000000000001
589,1.0180063999999998,0.76915470000000119,0.0011466670000000007
590,1.0262999999999995,0.75700000000000034,0.0010999999999999994
591,1.033982700000001,0.74475409999999975,0.0010688000000000006
592,1.0409859999999997,0.73242239999999992,0.0010493999999999998
593,1.047188,0.72000359999999974,0.0010355999999999989
594,1.0524666999999983,0.70749649999999975,0.0010211999999999995
595,1.0566999999999995,0.69489999999999963,0.00099999999999999894
596,1.0597943999999999,0.68221919999999936,0.00096863999999999935
597,1.0617992000000007,0.66947160000000094,0.00092992000000000129
598,1.0628067999999997,0.65667439999999966,0.00088687999999999929
599,1.0629095999999998,0.64384479999999933,0.00084256000000000034
600,1.0621999999999998,0.63100000000000023,0.00079999999999999906
601,1.060735200000001,0.61815550000000064,0.00076095999999999976
602,1.0584435999999988,0.60531440000000047,0.00072367999999999955
603,1.0552244000000002,0.59247560000000055,0.00068592000000000024
604,1.0509768000000002,0.57963790000000015,0.00064544000000000016
605,1.0455999999999981,0.56679999999999997,0.00060000000000000049
606,1.0390368999999997,0.55396109999999987,0.00054786669999999963
607,1.0313608000000023,0.54113720000000021,0.00049160000000000067
608,1.0226662000000015,0.52835279999999962,0.00043540000000000012
609,1.0130477000000007,0.51563229999999949,0.00038346669999999976
610,1.0025999999999997,0.50299999999999989,0.0003399999999999997
611,0.99136750000000029,0.49046879999999993,0.00030725329999999924
612,0.97933139999999941,0.47803040000000063,0.00028315999999999986
613,0.96649160000000045,0.46567759999999947,0.00026543999999999982
614,0.95284790000000008,0.45340320000000023,0.00025181330000000008
615,0.93839999999999946,0.44120000000000004,0.0002400000000000002
616,0.92319399999999852,0.42908000000000013,0.00022954670000000028
617,0.90724399999999961,0.41703600000000002,0.00022064
618,0.89050200000000068,0.40503199999999995,0.00021196000000000005
619,0.8729199999999997,0.39303200000000038,0.00020218670000000003
620,0.85444989999999976,0.38099999999999984,0.0001899999999999999
621,0.83508399999999972,0.36891839999999987,0.00017421329999999991
622,0.81494599999999928,0.35682719999999957,0.00015564000000000018
623,0.79418600000000017,0.34477679999999972,0.00013595999999999991
624,0.77295399999999936,0.33281760000000071,0.00011685330000000002
625,0.75140000000000051,0.32100000000000029,0.00010000000000000003
626,0.72958360000000011,0.30933809999999962,8.6133329999999911e-05
627,0.70758880000000002,0.29785040000000013,7.4600000000000092e-05
628,0.68560219999999972,0.28659360000000011,6.4999999999999981e-05
629,0.6638103999999998,0.27562449999999983,5.6933330000000015e-05
630,0.64239999999999919,0.26500000000000018,4.9999990000000008e-05
631,0.6215149000000002,0.25476320000000002,4.4159999999999977e-05
632,0.60111380000000092,0.24488960000000001,3.9479999999999981e-05
633,0.58110519999999999,0.23533439999999972,3.5720000000000004e-05
634,0.56139769999999989,0.22605279999999991,3.264000000000004e-05
635,0.54189999999999916,0.21699999999999997,2.999999999999997e-05
636,0.52259950000000033,0.20816160000000014,2.7653329999999997e-05
637,0.50354640000000117,0.19954879999999978,2.5560000000000003e-05
638,0.48474359999999922,0.19115519999999986,2.3640000000000038e-05
639,0.46619390000000027,0.18297440000000018,2.1813329999999985e-05
640,0.44790000000000008,0.17499999999999988,2.0000000000000005e-05
641,0.42986130000000028,0.16722349999999994,1.8133330000000017e-05
642,0.41209799999999924,0.15964639999999986,1.6199999999999994e-05
643,0.39464399999999966,0.15227759999999999,1.4199999999999981e-05
644,0.37753329999999985,0.14512589999999989,1.2133329999999991e-05
645,0.36079999999999962,0.1382000000000001,9.9999999999999991e-06
646,0.34445629999999966,0.13150030000000001,7.7333330000000097e-06
647,0.32851679999999972,0.12502479999999996,5.3999999999999957e-06
648,0.31301920000000016,0.11877920000000011,3.1999999999999939e-06
649,0.29800110000000024,0.11276909999999997,1.3333330000000001e-06
650,0.28349999999999986,0.10699999999999996,-1.9058241313221758e-21
651,0.26954479999999992,0.10147619999999992,-3.1763735522036263e-22
652,0.25611839999999997,0.096188639999999936,5.2939559203393771e-23
653,0.24318960000000012,0.09112295999999992,0.0
654,0.23072719999999988,0.086264850000000115,0.0
655,0.21870000000000001,0.08160000000000002,0.0
656,0.20709710000000017,0.07712063999999999,0.0
657,0.1959232000000001,0.072825519999999963,0.0
658,0.1851708,0.068710079999999882,0.0
659,0.17483230000000005,0.064769759999999982,0.0
660,0.16489999999999996,0.060999999999999985,0.0
661,0.15536670000000005,0.057396210000000045,0.0
662,0.14623000000000005,0.053955039999999996,0.0
663,0.13749,0.050673760000000033,0.0
664,0.12914670000000003,0.047549650000000013,0.0
665,0.12120000000000003,0.044580000000000057,0.0
666,0.11363969999999995,0.041758719999999958,0.0
667,0.10646499999999981,0.03908496000000003,0.0
668,0.099690440000000061,0.03656384,0.0
669,0.093330610000000147,0.034200480000000005,0.0
670,0.087399999999999992,0.032000000000000035,0.0
671,0.081900959999999925,0.029962610000000021,0.0
672,0.076804280000000072,0.028076640000000017,0.0
673,0.072077119999999953,0.026329359999999979,0.0
674,0.067686639999999881,0.024708050000000006,0.0
675,0.063600000000000073,0.023199999999999964,0.0
676,0.059806849999999995,0.02180076999999999,0.0
677,0.056282160000000005,0.020501120000000015,0.0
678,0.052971040000000046,0.019281079999999985,0.0
679,0.049818609999999978,0.018120690000000023,0.0
680,0.046769999999999992,0.016999999999999998,0.0
681,0.043784049999999984,0.015903789999999998,0.0
682,0.04087536000000002,0.014837180000000019,0.0
683,0.038072640000000067,0.013810680000000011,0.0
684,0.035404610000000003,0.012834780000000011,0.0
685,0.032899999999999964,0.011919999999999979,0.0
686,0.030564190000000008,0.011068309999999982,0.0
687,0.028380560000000006,0.010273390000000016,0.0
688,0.026344839999999998,0.0095333109999999957,0.0
689,0.024452750000000047,0.008846157000000009,0.0
690,0.022699999999999981,0.0082099999999999968,0.0
691,0.021084289999999981,0.0076237809999999996,0.0
692,0.01959988,0.007085423999999999,0.0
693,0.018237320000000015,0.0065914760000000041,0.0
694,0.01698717000000001,0.0061384850000000043,0.0
695,0.015840000000000014,0.0057229999999999981,0.0
696,0.014790640000000022,0.0053430590000000111,0.0
697,0.013831320000000006,0.0049957960000000003,0.0
698,0.012948680000000013,0.0046764040000000003,0.0
699,0.0121292,0.004380074999999998,0.0
700,0.011359160000000002,0.0041019999999999937,0.0
701,0.010629349999999991,0.003838452999999999,0.0
702,0.0099388460000000029,0.0035890989999999992,0.0
703,0.0092884220000000114,0.0033542190000000029,0.0
704,0.0086788539999999963,0.0031340930000000006,0.0
705,0.0081109160000000201,0.0029290000000000002,0.0
706,0.0075823879999999998,0.0027381390000000023,0.0
707,0.0070887460000000086,0.0025598759999999991,0.0
708,0.0066273130000000027,0.002393244000000004,0.0
709,0.0061954080000000029,0.0022372750000000008,0.0
710,0.0057903459999999931,0.0020909999999999969,0.0
711,0.0054098259999999995,0.0019535869999999997,0.0
712,0.005052583000000002,0.0018245799999999975,0.0
713,0.0047175120000000001,0.0017035800000000001,0.0
714,0.0044035070000000044,0.0015901869999999996,0.0
715,0.0041094570000000047,0.0014839999999999981,0.0
716,0.0038339130000000022,0.0013844959999999989,0.0
717,0.0035757479999999997,0.0012912679999999988,0.0
718,0.0033343420000000023,0.0012040920000000001,0.0
719,0.0031090750000000006,0.0011227440000000008,0.0
720,0.0028993270000000015,0.0010469999999999998,0.0
721,0.002704347999999997,0.00097658959999999992,0.0
722,0.00252302,0.00091110879999999896,0.0
723,0.0023541680000000007,0.0008501332000000006,0.0
724,0.0021966160000000019,0.00079323840000000039,0.0
725,0.0020491899999999989,0.00074000000000000075,0.0
726,0.0019109599999999971,0.0006900827000000003,0.0
727,0.0017814380000000013,0.00064330999999999959,0.0
728,0.0016601100000000017,0.00059949600000000014,0.0
729,0.0015464589999999985,0.00055845469999999959,0.0
730,0.001439971,0.00052000000000000028,0.0
731,0.0013400419999999992,0.00048391359999999932,0.0
732,0.0012462749999999992,0.00045005279999999962,0.0
733,0.0011584709999999999,0.00041834519999999972,0.0
734,0.001076430000000001,0.00038871839999999957,0.0
735,0.00099994929999999986,0.00036109999999999945,0.0
736,0.00092873580000000112,0.0003353834999999996,0.0
737,0.0008624332000000003,0.00031144039999999988,0.0
738,0.00080075030000000013,0.00028916559999999958,0.0
739,0.00074339600000000033,0.00026845390000000008,0.0
740,0.00069007859999999988,0.00024920000000000004,0.0
741,0.0006405155999999998,0.00023130189999999976,0.0
742,0.00059450209999999983,0.00021468560000000001,0.0
743,0.00055186459999999912,0.0001992883999999998,0.0
744,0.00051242900000000066,0.00018504750000000009,0.0
745,0.00047602130000000002,0.00017189999999999981,0.0
746,0.0004424535999999997,0.00015977809999999989,0.0
747,0.00041151170000000006,0.00014860439999999988,0.0
748,0.00038298140000000026,0.00013830159999999987,0.0
749,0.00035664910000000015,0.00012879249999999981,0.0
750,0.00033230109999999972,0.00011999999999999994,0.0
751,0.00030975859999999992,0.00011185949999999998,0.0
752,0.0002888870999999997,0.00010432239999999996,0.0
753,0.00026953939999999987,9.7335600000000085e-05,0.0
754,0.00025156819999999983,9.0845869999999914e-05,0.0
755,0.00023482609999999989,8.4799999999999961e-05,0.0
756,0.00021917099999999986,7.9146669999999916e-05,0.0
757,0.00020452580000000005,7.3857999999999942e-05,0.0
758,0.00019084049999999964,6.8916000000000056e-05,0.0
759,0.00017806539999999993,6.4302669999999961e-05,0.0
760,0.00016615049999999985,5.9999999999999954e-05,0.0
761,0.00015502360000000005,5.5981870000000018e-05,0.0
762,0.00014462189999999992,5.2225599999999936e-05,0.0
763,0.0001349098000000002,4.8718400000000059e-05,0.0
764,0.00012585199999999992,4.544747000000004e-05,0.0
765,0.00011741300000000005,4.2400000000000055e-05,0.0
766,0.00010955149999999985,3.9561039999999979e-05,0.0
767,0.00010222449999999997,3.691511999999999e-05,0.0
768,9.5394449999999871e-05,3.4448679999999952e-05,0.0
769,8.9023899999999959e-05,3.2148160000000016e-05,0.0
770,8.3075270000000087e-05,2.9999999999999997e-05,0.0
771,7.7512689999999939e-05,2.7991250000000011e-05,0.0
772,7.2313040000000027e-05,2.611355999999997e-05,0.0
773,6.7457779999999934e-05,2.4360239999999977e-05,0.0
774,6.2928439999999995e-05,2.2724609999999963e-05,0.0
775,5.8706519999999999e-05,2.1199999999999997e-05,0.0
776,5.4770280000000046e-05,1.977854999999998e-05,0.0
777,5.1099179999999938e-05,1.8452850000000014e-05,0.0
778,4.7676539999999952e-05,1.7216869999999999e-05,0.0
779,4.4485670000000005e-05,1.6064590000000001e-05,0.0
780,4.1509940000000044e-05,1.4990000000000004e-05,0.0
781,3.873323999999998e-05,1.3987279999999986e-05,0.0
782,3.614203000000003e-05,1.3051550000000014e-05,0.0
783,3.372351999999993e-05,1.2178179999999993e-05,0.0
784,3.1464870000000016e-05,1.1362539999999989e-05,0.0
785,2.9353259999999979e-05,1.0599999999999995e-05,0.0
786,2.7375729999999961e-05,9.8858769999999967e-06,0.0
787,2.552432999999997e-05,9.2173039999999898e-06,0.0
788,2.379376e-05,8.5923619999999986e-06,0.0
789,2.2178700000000002e-05,8.0091330000000097e-06,0.0
790,2.067382999999998e-05,7.465699999999997e-06,0.0
791,1.9272259999999982e-05,6.9595670000000093e-06,0.0
792,1.7966400000000015e-05,6.487995e-06,0.0
793,1.6749910000000008e-05,6.048699000000011e-06,0.0
794,1.5616480000000014e-05,5.6393960000000022e-06,0.0
795,1.4559770000000004e-05,5.2578000000000007e-06,0.0
796,1.3573870000000007e-05,4.9017710000000035e-06,0.0
797,1.2654360000000004e-05,4.569720000000001e-06,0.0
798,1.179723e-05,4.2601939999999963e-06,0.0
799,1.0998440000000006e-05,3.9717390000000005e-06,0.0
800,1.0253979999999997e-05,3.7029000000000014e-06,0.0
801,9.5596459999999931e-06,3.4521630000000015e-06,0.0
802,8.9120440000000075e-06,3.2183019999999985e-06,0.0
803,8.3083580000000017e-06,3.000299999999999e-06,0.0
804,7.7457690000000049e-06,2.7971389999999978e-06,0.0
805,7.2214560000000134e-06,2.6078000000000003e-06,0.0
806,6.732474999999996e-06,2.4312200000000011e-06,0.0
807,6.2764230000000103e-06,2.2665310000000017e-06,0.0
808,5.8513040000000105e-06,2.1130130000000013e-06,0.0
809,5.4551180000000006e-06,1.9699430000000001e-06,0.0
810,5.0858680000000024e-06,1.8366000000000029e-06,0.0
811,4.7414659999999997e-06,1.7122300000000001e-06,0.0
812,4.4202359999999972e-06,1.5962280000000015e-06,0.0
813,4.1207829999999989e-06,1.488090000000002e-06,0.0
814,3.8417160000000021e-06,1.3873140000000004e-06,0.0
815,3.5816519999999944e-06,1.2934000000000006e-06,0.0
816,3.3391269999999971e-06,1.2058200000000007e-06,0.0
817,3.112949000000001e-06,1.1241430000000014e-06,0.0
818,2.9021210000000022e-06,1.0480089999999994e-06,0.0
819,2.7056450000000027e-06,9.7705799999999983e-07,0.0
820,2.5225249999999992e-06,9.1093000000000002e-07,0.0
821,2.3517260000000002e-06,8.4925100000000073e-07,0.0
822,2.1924150000000031e-06,7.9172100000000045e-07,0.0
823,2.0439020000000009e-06,7.3809000000000118e-07,0.0
824,1.905497000000002e-06,6.8810999999999956e-07,0.0
825,1.7765089999999997e-06,6.415299999999999e-07,0.0
826,1.6562149999999986e-06,5.9809000000000051e-07,0.0
827,1.5440219999999984e-06,5.5757500000000012e-07,0.0
828,1.4394400000000004e-06,5.1980799999999957e-07,0.0
829,1.341976999999999e-06,4.8461199999999958e-07,0.0
830,1.2511409999999992e-06,4.5180999999999981e-07,0.0
